account,
workflowtemplate,
eventcategory,
workflowtargetfilters,
contactstatuslifecycle,
persons,
contactcustomfieldsection,
loleadsource,
workflowtemplatepermission,
workflowtoworkflowtargetfilters,
events,
workflow,
prismamigrations,
theme,
contacttag,
eventtype,
workflowstate,
property,
template,
elementversion,
filterpermission,
engagement,
templateversion,
contactstatus,
contactcustomfield,
organization,
loan,
partner,
stripesubscriptionitem,
pageversion,
bridgesectionlifecycle,
templatedependency,
user,
element,
elementtotemplateversion,
eventsv2,
losubscription,
loleadraw,
contact,
incomesource,
bridgecontactloan,
bridgecontacttag,
contactreminder,
contactcomment,
page,
routing,
lolead,
bridgecontactuser,
activitylog,
links,
bridgecontactpartner,
contactotherassociates,
losubscriptiondailystats,
bridgecontactcontact,
contactcustomfieldvalue
